placeDcid,placeName,Date:Count_Person_Employed,Value:Count_Person_Employed,Source:Count_Person_Employed
wikidataId/Q127167,Western Cape,2008-03,2026854.161,https://southafrica.opendataforafrica.org/
wikidataId/Q127167,Western Cape,2008-06,2027697.836,https://southafrica.opendataforafrica.org/
wikidataId/Q127167,Western Cape,2008-09,2002359.888,https://southafrica.opendataforafrica.org/
wikidataId/Q127167,Western Cape,2008-12,2071635.771,https://southafrica.opendataforafrica.org/
wikidataId/Q127167,Western Cape,2009-03,2112365.307,https://southafrica.opendataforafrica.org/
wikidataId/Q127167,Western Cape,2009-06,2042849.934,https://southafrica.opendataforafrica.org/
wikidataId/Q127167,Western Cape,2009-09,2012369.411,https://southafrica.opendataforafrica.org/
wikidataId/Q127167,Western Cape,2009-12,2043845.815,https://southafrica.opendataforafrica.org/
wikidataId/Q127167,Western Cape,2010-03,2069494.075,https://southafrica.opendataforafrica.org/
wikidataId/Q127167,Western Cape,2010-06,2035454.964,https://southafrica.opendataforafrica.org/
wikidataId/Q127167,Western Cape,2010-09,1990228.754,https://southafrica.opendataforafrica.org/
wikidataId/Q127167,Western Cape,2010-12,2003703.534,https://southafrica.opendataforafrica.org/
wikidataId/Q127167,Western Cape,2011-03,2029189.136,https://southafrica.opendataforafrica.org/
wikidataId/Q127167,Western Cape,2011-06,2062744.32,https://southafrica.opendataforafrica.org/
wikidataId/Q127167,Western Cape,2011-09,2056106.891,https://southafrica.opendataforafrica.org/
wikidataId/Q127167,Western Cape,2011-12,2095942.088,https://southafrica.opendataforafrica.org/
wikidataId/Q127167,Western Cape,2012-03,2106817.653,https://southafrica.opendataforafrica.org/
wikidataId/Q127167,Western Cape,2012-06,2076424.468,https://southafrica.opendataforafrica.org/
wikidataId/Q127167,Western Cape,2012-09,2076763.141,https://southafrica.opendataforafrica.org/
wikidataId/Q127167,Western Cape,2012-12,2102571.232,https://southafrica.opendataforafrica.org/
wikidataId/Q127167,Western Cape,2013-03,2090602.667,https://southafrica.opendataforafrica.org/
wikidataId/Q127167,Western Cape,2013-06,2099153.736,https://southafrica.opendataforafrica.org/
wikidataId/Q127167,Western Cape,2013-09,2137505.324,https://southafrica.opendataforafrica.org/
wikidataId/Q127167,Western Cape,2013-12,2235338.044,https://southafrica.opendataforafrica.org/
wikidataId/Q127167,Western Cape,2014-03,2236514.699,https://southafrica.opendataforafrica.org/
wikidataId/Q127167,Western Cape,2014-06,2192333.686,https://southafrica.opendataforafrica.org/
wikidataId/Q127167,Western Cape,2014-09,2181683.708,https://southafrica.opendataforafrica.org/
wikidataId/Q127167,Western Cape,2014-12,2170000,https://southafrica.opendataforafrica.org/
wikidataId/Q127167,Western Cape,2015-03,2261000,https://southafrica.opendataforafrica.org/
wikidataId/Q127167,Western Cape,2015-06,2257000,https://southafrica.opendataforafrica.org/
wikidataId/Q127167,Western Cape,2015-09,2317000,https://southafrica.opendataforafrica.org/
wikidataId/Q127167,Western Cape,2015-12,2380000,https://southafrica.opendataforafrica.org/
wikidataId/Q127167,Western Cape,2016-03,2356000,https://southafrica.opendataforafrica.org/
wikidataId/Q127167,Western Cape,2016-06,2266000,https://southafrica.opendataforafrica.org/
wikidataId/Q127167,Western Cape,2016-09,2315000,https://southafrica.opendataforafrica.org/
wikidataId/Q127167,Western Cape,2016-12,2386000,https://southafrica.opendataforafrica.org/
wikidataId/Q127167,Western Cape,2017-03,2406000,https://southafrica.opendataforafrica.org/
wikidataId/Q127167,Western Cape,2017-06,2403000,https://southafrica.opendataforafrica.org/
wikidataId/Q127167,Western Cape,2017-09,2399000,https://southafrica.opendataforafrica.org/
wikidataId/Q127167,Western Cape,2017-12,2492000,https://southafrica.opendataforafrica.org/
wikidataId/Q127167,Western Cape,2018-03,2530000,https://southafrica.opendataforafrica.org/
wikidataId/Q127167,Western Cape,2018-06,2480000,https://southafrica.opendataforafrica.org/
wikidataId/Q127167,Western Cape,2018-09,2494000,https://southafrica.opendataforafrica.org/
wikidataId/Q130840,Eastern Cape,2008-03,1300818.961,https://southafrica.opendataforafrica.org/
wikidataId/Q130840,Eastern Cape,2008-06,1348706.809,https://southafrica.opendataforafrica.org/
wikidataId/Q130840,Eastern Cape,2008-09,1303842.533,https://southafrica.opendataforafrica.org/
wikidataId/Q130840,Eastern Cape,2008-12,1344067.285,https://southafrica.opendataforafrica.org/
wikidataId/Q130840,Eastern Cape,2009-03,1300735.83,https://southafrica.opendataforafrica.org/
wikidataId/Q130840,Eastern Cape,2009-06,1341180.219,https://southafrica.opendataforafrica.org/
wikidataId/Q130840,Eastern Cape,2009-09,1244050.784,https://southafrica.opendataforafrica.org/
wikidataId/Q130840,Eastern Cape,2009-12,1261456.605,https://southafrica.opendataforafrica.org/
wikidataId/Q130840,Eastern Cape,2010-03,1230747.16,https://southafrica.opendataforafrica.org/
wikidataId/Q130840,Eastern Cape,2010-06,1243107.021,https://southafrica.opendataforafrica.org/
wikidataId/Q130840,Eastern Cape,2010-09,1280014.67,https://southafrica.opendataforafrica.org/
wikidataId/Q130840,Eastern Cape,2010-12,1294279.347,https://southafrica.opendataforafrica.org/
wikidataId/Q130840,Eastern Cape,2011-03,1284933.719,https://southafrica.opendataforafrica.org/
wikidataId/Q130840,Eastern Cape,2011-06,1275738.016,https://southafrica.opendataforafrica.org/
wikidataId/Q130840,Eastern Cape,2011-09,1262753.885,https://southafrica.opendataforafrica.org/
wikidataId/Q130840,Eastern Cape,2011-12,1287202.882,https://southafrica.opendataforafrica.org/
wikidataId/Q130840,Eastern Cape,2012-03,1241860.94,https://southafrica.opendataforafrica.org/
wikidataId/Q130840,Eastern Cape,2012-06,1261195.131,https://southafrica.opendataforafrica.org/
wikidataId/Q130840,Eastern Cape,2012-09,1289162.276,https://southafrica.opendataforafrica.org/
wikidataId/Q130840,Eastern Cape,2012-12,1225460.752,https://southafrica.opendataforafrica.org/
wikidataId/Q130840,Eastern Cape,2013-03,1271362.864,https://southafrica.opendataforafrica.org/
wikidataId/Q130840,Eastern Cape,2013-06,1283212.133,https://southafrica.opendataforafrica.org/
wikidataId/Q130840,Eastern Cape,2013-09,1293106.366,https://southafrica.opendataforafrica.org/
wikidataId/Q130840,Eastern Cape,2013-12,1331559.882,https://southafrica.opendataforafrica.org/
wikidataId/Q130840,Eastern Cape,2014-03,1331928.974,https://southafrica.opendataforafrica.org/
wikidataId/Q130840,Eastern Cape,2014-06,1355362.78,https://southafrica.opendataforafrica.org/
wikidataId/Q130840,Eastern Cape,2014-09,1377141.825,https://southafrica.opendataforafrica.org/
wikidataId/Q130840,Eastern Cape,2014-12,1336000,https://southafrica.opendataforafrica.org/
wikidataId/Q130840,Eastern Cape,2015-03,1358000,https://southafrica.opendataforafrica.org/
wikidataId/Q130840,Eastern Cape,2015-06,1366000,https://southafrica.opendataforafrica.org/
wikidataId/Q130840,Eastern Cape,2015-09,1372000,https://southafrica.opendataforafrica.org/
wikidataId/Q130840,Eastern Cape,2015-12,1411000,https://southafrica.opendataforafrica.org/
wikidataId/Q130840,Eastern Cape,2016-03,1366000,https://southafrica.opendataforafrica.org/
wikidataId/Q130840,Eastern Cape,2016-06,1350000,https://southafrica.opendataforafrica.org/
wikidataId/Q130840,Eastern Cape,2016-09,1443000,https://southafrica.opendataforafrica.org/
wikidataId/Q130840,Eastern Cape,2016-12,1447000,https://southafrica.opendataforafrica.org/
wikidataId/Q130840,Eastern Cape,2017-03,1442000,https://southafrica.opendataforafrica.org/
wikidataId/Q130840,Eastern Cape,2017-06,1416000,https://southafrica.opendataforafrica.org/
wikidataId/Q130840,Eastern Cape,2017-09,1421000,https://southafrica.opendataforafrica.org/
wikidataId/Q130840,Eastern Cape,2017-12,1391000,https://southafrica.opendataforafrica.org/
wikidataId/Q130840,Eastern Cape,2018-03,1397000,https://southafrica.opendataforafrica.org/
wikidataId/Q130840,Eastern Cape,2018-06,1402000,https://southafrica.opendataforafrica.org/
wikidataId/Q130840,Eastern Cape,2018-09,1390000,https://southafrica.opendataforafrica.org/
wikidataId/Q132410,Mpumalanga,2008-03,993740.1371,https://southafrica.opendataforafrica.org/
wikidataId/Q132410,Mpumalanga,2008-06,1007215.091,https://southafrica.opendataforafrica.org/
wikidataId/Q132410,Mpumalanga,2008-09,1033222.931,https://southafrica.opendataforafrica.org/
wikidataId/Q132410,Mpumalanga,2008-12,1051323.123,https://southafrica.opendataforafrica.org/
wikidataId/Q132410,Mpumalanga,2009-03,1052287.296,https://southafrica.opendataforafrica.org/
wikidataId/Q132410,Mpumalanga,2009-06,1010611.212,https://southafrica.opendataforafrica.org/
wikidataId/Q132410,Mpumalanga,2009-09,996402.6426,https://southafrica.opendataforafrica.org/
wikidataId/Q132410,Mpumalanga,2009-12,998921.8087,https://southafrica.opendataforafrica.org/
wikidataId/Q132410,Mpumalanga,2010-03,971348.0388,https://southafrica.opendataforafrica.org/
wikidataId/Q132410,Mpumalanga,2010-06,989120.1771,https://southafrica.opendataforafrica.org/
wikidataId/Q132410,Mpumalanga,2010-09,971399.441,https://southafrica.opendataforafrica.org/
wikidataId/Q132410,Mpumalanga,2010-12,959513.9297,https://southafrica.opendataforafrica.org/
wikidataId/Q132410,Mpumalanga,2011-03,964337.9259,https://southafrica.opendataforafrica.org/
wikidataId/Q132410,Mpumalanga,2011-06,970844.3416,https://southafrica.opendataforafrica.org/
wikidataId/Q132410,Mpumalanga,2011-09,1007362.651,https://southafrica.opendataforafrica.org/
wikidataId/Q132410,Mpumalanga,2011-12,1025746.831,https://southafrica.opendataforafrica.org/
wikidataId/Q132410,Mpumalanga,2012-03,1011408.54,https://southafrica.opendataforafrica.org/
wikidataId/Q132410,Mpumalanga,2012-06,1059788.713,https://southafrica.opendataforafrica.org/
wikidataId/Q132410,Mpumalanga,2012-09,1032588.222,https://southafrica.opendataforafrica.org/
wikidataId/Q132410,Mpumalanga,2012-12,1064514.668,https://southafrica.opendataforafrica.org/
wikidataId/Q132410,Mpumalanga,2013-03,1080146.209,https://southafrica.opendataforafrica.org/
wikidataId/Q132410,Mpumalanga,2013-06,1116024.016,https://southafrica.opendataforafrica.org/
wikidataId/Q132410,Mpumalanga,2013-09,1149045.123,https://southafrica.opendataforafrica.org/
wikidataId/Q132410,Mpumalanga,2013-12,1148556.935,https://southafrica.opendataforafrica.org/
wikidataId/Q132410,Mpumalanga,2014-03,1126564.453,https://southafrica.opendataforafrica.org/
wikidataId/Q132410,Mpumalanga,2014-06,1127398.31,https://southafrica.opendataforafrica.org/
wikidataId/Q132410,Mpumalanga,2014-09,1135373.847,https://southafrica.opendataforafrica.org/
wikidataId/Q132410,Mpumalanga,2014-12,1138000,https://southafrica.opendataforafrica.org/
wikidataId/Q132410,Mpumalanga,2015-03,1154000,https://southafrica.opendataforafrica.org/
wikidataId/Q132410,Mpumalanga,2015-06,1180000,https://southafrica.opendataforafrica.org/
wikidataId/Q132410,Mpumalanga,2015-09,1184000,https://southafrica.opendataforafrica.org/
wikidataId/Q132410,Mpumalanga,2015-12,1191000,https://southafrica.opendataforafrica.org/
wikidataId/Q132410,Mpumalanga,2016-03,1160000,https://southafrica.opendataforafrica.org/
wikidataId/Q132410,Mpumalanga,2016-06,1171000,https://southafrica.opendataforafrica.org/
wikidataId/Q132410,Mpumalanga,2016-09,1174000,https://southafrica.opendataforafrica.org/
wikidataId/Q132410,Mpumalanga,2016-12,1155000,https://southafrica.opendataforafrica.org/
wikidataId/Q132410,Mpumalanga,2017-03,1217000,https://southafrica.opendataforafrica.org/
wikidataId/Q132410,Mpumalanga,2017-06,1212000,https://southafrica.opendataforafrica.org/
wikidataId/Q132410,Mpumalanga,2017-09,1204000,https://southafrica.opendataforafrica.org/
wikidataId/Q132410,Mpumalanga,2017-12,1242000,https://southafrica.opendataforafrica.org/
wikidataId/Q132410,Mpumalanga,2018-03,1197000,https://southafrica.opendataforafrica.org/
wikidataId/Q132410,Mpumalanga,2018-06,1212000,https://southafrica.opendataforafrica.org/
wikidataId/Q132410,Mpumalanga,2018-09,1231000,https://southafrica.opendataforafrica.org/
wikidataId/Q132418,Northern Cape,2008-03,311401.1863,https://southafrica.opendataforafrica.org/
wikidataId/Q132418,Northern Cape,2008-06,305975.3683,https://southafrica.opendataforafrica.org/
wikidataId/Q132418,Northern Cape,2008-09,316529.7313,https://southafrica.opendataforafrica.org/
wikidataId/Q132418,Northern Cape,2008-12,322878.7106,https://southafrica.opendataforafrica.org/
wikidataId/Q132418,Northern Cape,2009-03,285987.3969,https://southafrica.opendataforafrica.org/
wikidataId/Q132418,Northern Cape,2009-06,293642.6473,https://southafrica.opendataforafrica.org/
wikidataId/Q132418,Northern Cape,2009-09,262324.4021,https://southafrica.opendataforafrica.org/
wikidataId/Q132418,Northern Cape,2009-12,299978.6996,https://southafrica.opendataforafrica.org/
wikidataId/Q132418,Northern Cape,2010-03,278394.7936,https://southafrica.opendataforafrica.org/
wikidataId/Q132418,Northern Cape,2010-06,271118.5645,https://southafrica.opendataforafrica.org/
wikidataId/Q132418,Northern Cape,2010-09,286037.668,https://southafrica.opendataforafrica.org/
wikidataId/Q132418,Northern Cape,2010-12,286603.3327,https://southafrica.opendataforafrica.org/
wikidataId/Q132418,Northern Cape,2011-03,268289.7463,https://southafrica.opendataforafrica.org/
wikidataId/Q132418,Northern Cape,2011-06,270861.8218,https://southafrica.opendataforafrica.org/
wikidataId/Q132418,Northern Cape,2011-09,285141.0929,https://southafrica.opendataforafrica.org/
wikidataId/Q132418,Northern Cape,2011-12,299766.0691,https://southafrica.opendataforafrica.org/
wikidataId/Q132418,Northern Cape,2012-03,294233.4296,https://southafrica.opendataforafrica.org/
wikidataId/Q132418,Northern Cape,2012-06,290604.1978,https://southafrica.opendataforafrica.org/
wikidataId/Q132418,Northern Cape,2012-09,298996.4799,https://southafrica.opendataforafrica.org/
wikidataId/Q132418,Northern Cape,2012-12,301100.2172,https://southafrica.opendataforafrica.org/
wikidataId/Q132418,Northern Cape,2013-03,294951.3559,https://southafrica.opendataforafrica.org/
wikidataId/Q132418,Northern Cape,2013-06,301072.3017,https://southafrica.opendataforafrica.org/
wikidataId/Q132418,Northern Cape,2013-09,316448.8817,https://southafrica.opendataforafrica.org/
wikidataId/Q132418,Northern Cape,2013-12,329343.0291,https://southafrica.opendataforafrica.org/
wikidataId/Q132418,Northern Cape,2014-03,308359.7508,https://southafrica.opendataforafrica.org/
wikidataId/Q132418,Northern Cape,2014-06,296917.9689,https://southafrica.opendataforafrica.org/
wikidataId/Q132418,Northern Cape,2014-09,302418.0689,https://southafrica.opendataforafrica.org/
wikidataId/Q132418,Northern Cape,2014-12,320000,https://southafrica.opendataforafrica.org/
wikidataId/Q132418,Northern Cape,2015-03,307000,https://southafrica.opendataforafrica.org/
wikidataId/Q132418,Northern Cape,2015-06,297000,https://southafrica.opendataforafrica.org/
wikidataId/Q132418,Northern Cape,2015-09,302000,https://southafrica.opendataforafrica.org/
wikidataId/Q132418,Northern Cape,2015-12,312000,https://southafrica.opendataforafrica.org/
wikidataId/Q132418,Northern Cape,2016-03,313000,https://southafrica.opendataforafrica.org/
wikidataId/Q132418,Northern Cape,2016-06,303000,https://southafrica.opendataforafrica.org/
wikidataId/Q132418,Northern Cape,2016-09,308000,https://southafrica.opendataforafrica.org/
wikidataId/Q132418,Northern Cape,2016-12,298000,https://southafrica.opendataforafrica.org/
wikidataId/Q132418,Northern Cape,2017-03,299000,https://southafrica.opendataforafrica.org/
wikidataId/Q132418,Northern Cape,2017-06,292000,https://southafrica.opendataforafrica.org/
wikidataId/Q132418,Northern Cape,2017-09,307000,https://southafrica.opendataforafrica.org/
wikidataId/Q132418,Northern Cape,2017-12,321000,https://southafrica.opendataforafrica.org/
wikidataId/Q132418,Northern Cape,2018-03,321000,https://southafrica.opendataforafrica.org/
wikidataId/Q132418,Northern Cape,2018-06,317000,https://southafrica.opendataforafrica.org/
wikidataId/Q132418,Northern Cape,2018-09,323000,https://southafrica.opendataforafrica.org/
wikidataId/Q133083,Gauteng,2008-03,4611785.174,https://southafrica.opendataforafrica.org/
wikidataId/Q133083,Gauteng,2008-06,4688540.4,https://southafrica.opendataforafrica.org/
wikidataId/Q133083,Gauteng,2008-09,4703686.01,https://southafrica.opendataforafrica.org/
wikidataId/Q133083,Gauteng,2008-12,4746435.532,https://southafrica.opendataforafrica.org/
wikidataId/Q133083,Gauteng,2009-03,4714742.612,https://southafrica.opendataforafrica.org/
wikidataId/Q133083,Gauteng,2009-06,4640752.578,https://southafrica.opendataforafrica.org/
wikidataId/Q133083,Gauteng,2009-09,4354313.858,https://southafrica.opendataforafrica.org/
wikidataId/Q133083,Gauteng,2009-12,4413936.495,https://southafrica.opendataforafrica.org/
wikidataId/Q133083,Gauteng,2010-03,4371080.839,https://southafrica.opendataforafrica.org/
wikidataId/Q133083,Gauteng,2010-06,4398389.57,https://southafrica.opendataforafrica.org/
wikidataId/Q133083,Gauteng,2010-09,4319775.929,https://southafrica.opendataforafrica.org/
wikidataId/Q133083,Gauteng,2010-12,4418575.271,https://southafrica.opendataforafrica.org/
wikidataId/Q133083,Gauteng,2011-03,4474728.021,https://southafrica.opendataforafrica.org/
wikidataId/Q133083,Gauteng,2011-06,4441228.503,https://southafrica.opendataforafrica.org/
wikidataId/Q133083,Gauteng,2011-09,4453314.195,https://southafrica.opendataforafrica.org/
wikidataId/Q133083,Gauteng,2011-12,4606575.912,https://southafrica.opendataforafrica.org/
wikidataId/Q133083,Gauteng,2012-03,4659095.724,https://southafrica.opendataforafrica.org/
wikidataId/Q133083,Gauteng,2012-06,4637282.405,https://southafrica.opendataforafrica.org/
wikidataId/Q133083,Gauteng,2012-09,4728694.259,https://southafrica.opendataforafrica.org/
wikidataId/Q133083,Gauteng,2012-12,4724400.635,https://southafrica.opendataforafrica.org/
wikidataId/Q133083,Gauteng,2013-03,4732776.209,https://southafrica.opendataforafrica.org/
wikidataId/Q133083,Gauteng,2013-06,4749619.108,https://southafrica.opendataforafrica.org/
wikidataId/Q133083,Gauteng,2013-09,4823025.81,https://southafrica.opendataforafrica.org/
wikidataId/Q133083,Gauteng,2013-12,4822778.585,https://southafrica.opendataforafrica.org/
wikidataId/Q133083,Gauteng,2014-03,4794456.417,https://southafrica.opendataforafrica.org/
wikidataId/Q133083,Gauteng,2014-06,4802929.851,https://southafrica.opendataforafrica.org/
wikidataId/Q133083,Gauteng,2014-09,4819747.012,https://southafrica.opendataforafrica.org/
wikidataId/Q133083,Gauteng,2014-12,4881000,https://southafrica.opendataforafrica.org/
wikidataId/Q133083,Gauteng,2015-03,4911000,https://southafrica.opendataforafrica.org/
wikidataId/Q133083,Gauteng,2015-06,4969000,https://southafrica.opendataforafrica.org/
wikidataId/Q133083,Gauteng,2015-09,5011000,https://southafrica.opendataforafrica.org/
wikidataId/Q133083,Gauteng,2015-12,5090000,https://southafrica.opendataforafrica.org/
wikidataId/Q133083,Gauteng,2016-03,4895000,https://southafrica.opendataforafrica.org/
wikidataId/Q133083,Gauteng,2016-06,4942000,https://southafrica.opendataforafrica.org/
wikidataId/Q133083,Gauteng,2016-09,5068000,https://southafrica.opendataforafrica.org/
wikidataId/Q133083,Gauteng,2016-12,5111000,https://southafrica.opendataforafrica.org/
wikidataId/Q133083,Gauteng,2017-03,5193000,https://southafrica.opendataforafrica.org/
wikidataId/Q133083,Gauteng,2017-06,5050000,https://southafrica.opendataforafrica.org/
wikidataId/Q133083,Gauteng,2017-09,5068000,https://southafrica.opendataforafrica.org/
wikidataId/Q133083,Gauteng,2017-12,4991000,https://southafrica.opendataforafrica.org/
wikidataId/Q133083,Gauteng,2018-03,5069000,https://southafrica.opendataforafrica.org/
wikidataId/Q133083,Gauteng,2018-06,5055000,https://southafrica.opendataforafrica.org/
wikidataId/Q133083,Gauteng,2018-09,5077000,https://southafrica.opendataforafrica.org/
wikidataId/Q134907,Limpopo,2008-03,927251.959,https://southafrica.opendataforafrica.org/
wikidataId/Q134907,Limpopo,2008-06,913992.3416,https://southafrica.opendataforafrica.org/
wikidataId/Q134907,Limpopo,2008-09,932244.315,https://southafrica.opendataforafrica.org/
wikidataId/Q134907,Limpopo,2008-12,914515.3772,https://southafrica.opendataforafrica.org/
wikidataId/Q134907,Limpopo,2009-03,953185.7671,https://southafrica.opendataforafrica.org/
wikidataId/Q134907,Limpopo,2009-06,962982.0606,https://southafrica.opendataforafrica.org/
wikidataId/Q134907,Limpopo,2009-09,962149.5189,https://southafrica.opendataforafrica.org/
wikidataId/Q134907,Limpopo,2009-12,973609.6291,https://southafrica.opendataforafrica.org/
wikidataId/Q134907,Limpopo,2010-03,923004.9149,https://southafrica.opendataforafrica.org/
wikidataId/Q134907,Limpopo,2010-06,966754.6489,https://southafrica.opendataforafrica.org/
wikidataId/Q134907,Limpopo,2010-09,936359.9521,https://southafrica.opendataforafrica.org/
wikidataId/Q134907,Limpopo,2010-12,987035.2973,https://southafrica.opendataforafrica.org/
wikidataId/Q134907,Limpopo,2011-03,967532.7657,https://southafrica.opendataforafrica.org/
wikidataId/Q134907,Limpopo,2011-06,959478.7527,https://southafrica.opendataforafrica.org/
wikidataId/Q134907,Limpopo,2011-09,1052292.586,https://southafrica.opendataforafrica.org/
wikidataId/Q134907,Limpopo,2011-12,1015033.512,https://southafrica.opendataforafrica.org/
wikidataId/Q134907,Limpopo,2012-03,1027649.931,https://southafrica.opendataforafrica.org/
wikidataId/Q134907,Limpopo,2012-06,1057604.479,https://southafrica.opendataforafrica.org/
wikidataId/Q134907,Limpopo,2012-09,1125493.933,https://southafrica.opendataforafrica.org/
wikidataId/Q134907,Limpopo,2012-12,1130477.578,https://southafrica.opendataforafrica.org/
wikidataId/Q134907,Limpopo,2013-03,1083599.372,https://southafrica.opendataforafrica.org/
wikidataId/Q134907,Limpopo,2013-06,1100622.511,https://southafrica.opendataforafrica.org/
wikidataId/Q134907,Limpopo,2013-09,1159002.537,https://southafrica.opendataforafrica.org/
wikidataId/Q134907,Limpopo,2013-12,1167703.427,https://southafrica.opendataforafrica.org/
wikidataId/Q134907,Limpopo,2014-03,1136310.173,https://southafrica.opendataforafrica.org/
wikidataId/Q134907,Limpopo,2014-06,1214453.449,https://southafrica.opendataforafrica.org/
wikidataId/Q134907,Limpopo,2014-09,1205788.007,https://southafrica.opendataforafrica.org/
wikidataId/Q134907,Limpopo,2014-12,1235000,https://southafrica.opendataforafrica.org/
wikidataId/Q134907,Limpopo,2015-03,1208000,https://southafrica.opendataforafrica.org/
wikidataId/Q134907,Limpopo,2015-06,1293000,https://southafrica.opendataforafrica.org/
wikidataId/Q134907,Limpopo,2015-09,1353000,https://southafrica.opendataforafrica.org/
wikidataId/Q134907,Limpopo,2015-12,1311000,https://southafrica.opendataforafrica.org/
wikidataId/Q134907,Limpopo,2016-03,1355000,https://southafrica.opendataforafrica.org/
wikidataId/Q134907,Limpopo,2016-06,1324000,https://southafrica.opendataforafrica.org/
wikidataId/Q134907,Limpopo,2016-09,1349000,https://southafrica.opendataforafrica.org/
wikidataId/Q134907,Limpopo,2016-12,1414000,https://southafrica.opendataforafrica.org/
wikidataId/Q134907,Limpopo,2017-03,1358000,https://southafrica.opendataforafrica.org/
wikidataId/Q134907,Limpopo,2017-06,1390000,https://southafrica.opendataforafrica.org/
wikidataId/Q134907,Limpopo,2017-09,1452000,https://southafrica.opendataforafrica.org/
wikidataId/Q134907,Limpopo,2017-12,1417000,https://southafrica.opendataforafrica.org/
wikidataId/Q134907,Limpopo,2018-03,1441000,https://southafrica.opendataforafrica.org/
wikidataId/Q134907,Limpopo,2018-06,1436000,https://southafrica.opendataforafrica.org/
wikidataId/Q134907,Limpopo,2018-09,1478000,https://southafrica.opendataforafrica.org/
wikidataId/Q160284,Free State,2008-03,829518.8208,https://southafrica.opendataforafrica.org/
wikidataId/Q160284,Free State,2008-06,819621.1141,https://southafrica.opendataforafrica.org/
wikidataId/Q160284,Free State,2008-09,833859.0833,https://southafrica.opendataforafrica.org/
wikidataId/Q160284,Free State,2008-12,822544.2899,https://southafrica.opendataforafrica.org/
wikidataId/Q160284,Free State,2009-03,806530.0406,https://southafrica.opendataforafrica.org/
wikidataId/Q160284,Free State,2009-06,767143.039,https://southafrica.opendataforafrica.org/
wikidataId/Q160284,Free State,2009-09,755437.6841,https://southafrica.opendataforafrica.org/
wikidataId/Q160284,Free State,2009-12,787347.0907,https://southafrica.opendataforafrica.org/
wikidataId/Q160284,Free State,2010-03,764966.8007,https://southafrica.opendataforafrica.org/
wikidataId/Q160284,Free State,2010-06,769349.8515,https://southafrica.opendataforafrica.org/
wikidataId/Q160284,Free State,2010-09,762310.5971,https://southafrica.opendataforafrica.org/
wikidataId/Q160284,Free State,2010-12,774395.7049,https://southafrica.opendataforafrica.org/
wikidataId/Q160284,Free State,2011-03,768228.2032,https://southafrica.opendataforafrica.org/
wikidataId/Q160284,Free State,2011-06,764785.5775,https://southafrica.opendataforafrica.org/
wikidataId/Q160284,Free State,2011-09,822226.3504,https://southafrica.opendataforafrica.org/
wikidataId/Q160284,Free State,2011-12,744955.223,https://southafrica.opendataforafrica.org/
wikidataId/Q160284,Free State,2012-03,731815.3148,https://southafrica.opendataforafrica.org/
wikidataId/Q160284,Free State,2012-06,722084.3158,https://southafrica.opendataforafrica.org/
wikidataId/Q160284,Free State,2012-09,730302.7496,https://southafrica.opendataforafrica.org/
wikidataId/Q160284,Free State,2012-12,729415.8538,https://southafrica.opendataforafrica.org/
wikidataId/Q160284,Free State,2013-03,753031.4753,https://southafrica.opendataforafrica.org/
wikidataId/Q160284,Free State,2013-06,757179.3712,https://southafrica.opendataforafrica.org/
wikidataId/Q160284,Free State,2013-09,737121.9981,https://southafrica.opendataforafrica.org/
wikidataId/Q160284,Free State,2013-12,745553.2505,https://southafrica.opendataforafrica.org/
wikidataId/Q160284,Free State,2014-03,723611.2161,https://southafrica.opendataforafrica.org/
wikidataId/Q160284,Free State,2014-06,745289.1742,https://southafrica.opendataforafrica.org/
wikidataId/Q160284,Free State,2014-09,754811.5471,https://southafrica.opendataforafrica.org/
wikidataId/Q160284,Free State,2014-12,772000,https://southafrica.opendataforafrica.org/
wikidataId/Q160284,Free State,2015-03,802000,https://southafrica.opendataforafrica.org/
wikidataId/Q160284,Free State,2015-06,798000,https://southafrica.opendataforafrica.org/
wikidataId/Q160284,Free State,2015-09,795000,https://southafrica.opendataforafrica.org/
wikidataId/Q160284,Free State,2015-12,825000,https://southafrica.opendataforafrica.org/
wikidataId/Q160284,Free State,2016-03,790000,https://southafrica.opendataforafrica.org/
wikidataId/Q160284,Free State,2016-06,797000,https://southafrica.opendataforafrica.org/
wikidataId/Q160284,Free State,2016-09,781000,https://southafrica.opendataforafrica.org/
wikidataId/Q160284,Free State,2016-12,757000,https://southafrica.opendataforafrica.org/
wikidataId/Q160284,Free State,2017-03,767000,https://southafrica.opendataforafrica.org/
wikidataId/Q160284,Free State,2017-06,777000,https://southafrica.opendataforafrica.org/
wikidataId/Q160284,Free State,2017-09,821000,https://southafrica.opendataforafrica.org/
wikidataId/Q160284,Free State,2017-12,806000,https://southafrica.opendataforafrica.org/
wikidataId/Q160284,Free State,2018-03,814000,https://southafrica.opendataforafrica.org/
wikidataId/Q160284,Free State,2018-06,788000,https://southafrica.opendataforafrica.org/
wikidataId/Q160284,Free State,2018-09,774000,https://southafrica.opendataforafrica.org/
wikidataId/Q165956,North West,2008-03,911403.9213,https://southafrica.opendataforafrica.org/
wikidataId/Q165956,North West,2008-06,912340.5182,https://southafrica.opendataforafrica.org/
wikidataId/Q165956,North West,2008-09,881328.9487,https://southafrica.opendataforafrica.org/
wikidataId/Q165956,North West,2008-12,911562.8167,https://southafrica.opendataforafrica.org/
wikidataId/Q165956,North West,2009-03,900050.8142,https://southafrica.opendataforafrica.org/
wikidataId/Q165956,North West,2009-06,868187.7204,https://southafrica.opendataforafrica.org/
wikidataId/Q165956,North West,2009-09,809912.8282,https://southafrica.opendataforafrica.org/
wikidataId/Q165956,North West,2009-12,807667.5005,https://southafrica.opendataforafrica.org/
wikidataId/Q165956,North West,2010-03,802806.8717,https://southafrica.opendataforafrica.org/
wikidataId/Q165956,North West,2010-06,803173.8419,https://southafrica.opendataforafrica.org/
wikidataId/Q165956,North West,2010-09,805976.6538,https://southafrica.opendataforafrica.org/
wikidataId/Q165956,North West,2010-12,826430.9447,https://southafrica.opendataforafrica.org/
wikidataId/Q165956,North West,2011-03,809261.2576,https://southafrica.opendataforafrica.org/
wikidataId/Q165956,North West,2011-06,776962.617,https://southafrica.opendataforafrica.org/
wikidataId/Q165956,North West,2011-09,762648.8888,https://southafrica.opendataforafrica.org/
wikidataId/Q165956,North West,2011-12,788373.7115,https://southafrica.opendataforafrica.org/
wikidataId/Q165956,North West,2012-03,788140.1526,https://southafrica.opendataforafrica.org/
wikidataId/Q165956,North West,2012-06,795700.4794,https://southafrica.opendataforafrica.org/
wikidataId/Q165956,North West,2012-09,838453.602,https://southafrica.opendataforafrica.org/
wikidataId/Q165956,North West,2012-12,846809.9572,https://southafrica.opendataforafrica.org/
wikidataId/Q165956,North West,2013-03,827792.671,https://southafrica.opendataforafrica.org/
wikidataId/Q165956,North West,2013-06,845062.8826,https://southafrica.opendataforafrica.org/
wikidataId/Q165956,North West,2013-09,851418.864,https://southafrica.opendataforafrica.org/
wikidataId/Q165956,North West,2013-12,868785.1131,https://southafrica.opendataforafrica.org/
wikidataId/Q165956,North West,2014-03,869998.284,https://southafrica.opendataforafrica.org/
wikidataId/Q165956,North West,2014-06,879063.1927,https://southafrica.opendataforafrica.org/
wikidataId/Q165956,North West,2014-09,920501.2146,https://southafrica.opendataforafrica.org/
wikidataId/Q165956,North West,2014-12,948000,https://southafrica.opendataforafrica.org/
wikidataId/Q165956,North West,2015-03,912000,https://southafrica.opendataforafrica.org/
wikidataId/Q165956,North West,2015-06,940000,https://southafrica.opendataforafrica.org/
wikidataId/Q165956,North West,2015-09,921000,https://southafrica.opendataforafrica.org/
wikidataId/Q165956,North West,2015-12,969000,https://southafrica.opendataforafrica.org/
wikidataId/Q165956,North West,2016-03,924000,https://southafrica.opendataforafrica.org/
wikidataId/Q165956,North West,2016-06,915000,https://southafrica.opendataforafrica.org/
wikidataId/Q165956,North West,2016-09,900000,https://southafrica.opendataforafrica.org/
wikidataId/Q165956,North West,2016-12,959000,https://southafrica.opendataforafrica.org/
wikidataId/Q165956,North West,2017-03,976000,https://southafrica.opendataforafrica.org/
wikidataId/Q165956,North West,2017-06,978000,https://southafrica.opendataforafrica.org/
wikidataId/Q165956,North West,2017-09,983000,https://southafrica.opendataforafrica.org/
wikidataId/Q165956,North West,2017-12,999000,https://southafrica.opendataforafrica.org/
wikidataId/Q165956,North West,2018-03,992000,https://southafrica.opendataforafrica.org/
wikidataId/Q165956,North West,2018-06,977000,https://southafrica.opendataforafrica.org/
wikidataId/Q165956,North West,2018-09,979000,https://southafrica.opendataforafrica.org/
wikidataId/Q81725,KwaZulu-Natal,2008-03,2524966.036,https://southafrica.opendataforafrica.org/
wikidataId/Q81725,KwaZulu-Natal,2008-06,2560405.686,https://southafrica.opendataforafrica.org/
wikidataId/Q81725,KwaZulu-Natal,2008-09,2541436.097,https://southafrica.opendataforafrica.org/
wikidataId/Q81725,KwaZulu-Natal,2008-12,2583736.187,https://southafrica.opendataforafrica.org/
wikidataId/Q81725,KwaZulu-Natal,2009-03,2489616.843,https://southafrica.opendataforafrica.org/
wikidataId/Q81725,KwaZulu-Natal,2009-06,2429611.057,https://southafrica.opendataforafrica.org/
wikidataId/Q81725,KwaZulu-Natal,2009-09,2432836.467,https://southafrica.opendataforafrica.org/
wikidataId/Q81725,KwaZulu-Natal,2009-12,2386273.243,https://southafrica.opendataforafrica.org/
wikidataId/Q81725,KwaZulu-Natal,2010-03,2385409.387,https://southafrica.opendataforafrica.org/
wikidataId/Q81725,KwaZulu-Natal,2010-06,2332248.122,https://southafrica.opendataforafrica.org/
wikidataId/Q81725,KwaZulu-Natal,2010-09,2295680.039,https://southafrica.opendataforafrica.org/
wikidataId/Q81725,KwaZulu-Natal,2010-12,2347613.913,https://southafrica.opendataforafrica.org/
wikidataId/Q81725,KwaZulu-Natal,2011-03,2337092.38,https://southafrica.opendataforafrica.org/
wikidataId/Q81725,KwaZulu-Natal,2011-06,2399164.258,https://southafrica.opendataforafrica.org/
wikidataId/Q81725,KwaZulu-Natal,2011-09,2416538.533,https://southafrica.opendataforafrica.org/
wikidataId/Q81725,KwaZulu-Natal,2011-12,2472817.9,https://southafrica.opendataforafrica.org/
wikidataId/Q81725,KwaZulu-Natal,2012-03,2423054.011,https://southafrica.opendataforafrica.org/
wikidataId/Q81725,KwaZulu-Natal,2012-06,2429331.413,https://southafrica.opendataforafrica.org/
wikidataId/Q81725,KwaZulu-Natal,2012-09,2441160.398,https://southafrica.opendataforafrica.org/
wikidataId/Q81725,KwaZulu-Natal,2012-12,2399099.607,https://southafrica.opendataforafrica.org/
wikidataId/Q81725,KwaZulu-Natal,2013-03,2424112.185,https://southafrica.opendataforafrica.org/
wikidataId/Q81725,KwaZulu-Natal,2013-06,2439592.288,https://southafrica.opendataforafrica.org/
wikidataId/Q81725,KwaZulu-Natal,2013-09,2569168.281,https://southafrica.opendataforafrica.org/
wikidataId/Q81725,KwaZulu-Natal,2013-12,2527136.535,https://southafrica.opendataforafrica.org/
wikidataId/Q81725,KwaZulu-Natal,2014-03,2527047.367,https://southafrica.opendataforafrica.org/
wikidataId/Q81725,KwaZulu-Natal,2014-06,2480494.703,https://southafrica.opendataforafrica.org/
wikidataId/Q81725,KwaZulu-Natal,2014-09,2419103.427,https://southafrica.opendataforafrica.org/
wikidataId/Q81725,KwaZulu-Natal,2014-12,2520000,https://southafrica.opendataforafrica.org/
wikidataId/Q81725,KwaZulu-Natal,2015-03,2546000,https://southafrica.opendataforafrica.org/
wikidataId/Q81725,KwaZulu-Natal,2015-06,2556000,https://southafrica.opendataforafrica.org/
wikidataId/Q81725,KwaZulu-Natal,2015-09,2573000,https://southafrica.opendataforafrica.org/
wikidataId/Q81725,KwaZulu-Natal,2015-12,2529000,https://southafrica.opendataforafrica.org/
wikidataId/Q81725,KwaZulu-Natal,2016-03,2515000,https://southafrica.opendataforafrica.org/
wikidataId/Q81725,KwaZulu-Natal,2016-06,2479000,https://southafrica.opendataforafrica.org/
wikidataId/Q81725,KwaZulu-Natal,2016-09,2496000,https://southafrica.opendataforafrica.org/
wikidataId/Q81725,KwaZulu-Natal,2016-12,2541000,https://southafrica.opendataforafrica.org/
wikidataId/Q81725,KwaZulu-Natal,2017-03,2555000,https://southafrica.opendataforafrica.org/
wikidataId/Q81725,KwaZulu-Natal,2017-06,2583000,https://southafrica.opendataforafrica.org/
wikidataId/Q81725,KwaZulu-Natal,2017-09,2536000,https://southafrica.opendataforafrica.org/
wikidataId/Q81725,KwaZulu-Natal,2017-12,2513000,https://southafrica.opendataforafrica.org/
wikidataId/Q81725,KwaZulu-Natal,2018-03,2617000,https://southafrica.opendataforafrica.org/
wikidataId/Q81725,KwaZulu-Natal,2018-06,2620000,https://southafrica.opendataforafrica.org/
wikidataId/Q81725,KwaZulu-Natal,2018-09,2635000,https://southafrica.opendataforafrica.org/
